form_id,lexeme,cell,source_form,orth_form,analysed_orth_form,phon_form,analysed_phon_form,epistemic_tag,variants_tag,analysis_tag,overabundance_tag,source,page,language_id
komsaikul001,no_stem,1.sg,kei,kei,kei,k ei,k ei,elicited,unspecified,,,Kanshouwa2025Saikul,nopage,komsaikul
komsaikul002,no_stem,1.pl.excl,keini,keini,kei+ni,k ei n i,k ei + n i,elicited,unspecified,,,Kanshouwa2025Saikul,nopage,komsaikul
komsaikul003,no_stem,1.pl.incl,eini,eini,ei+ni,ei n i,ei + n i,elicited,unspecified,,,Kanshouwa2025Saikul,nopage,komsaikul
komsaikul004,no_stem,2.sg,nang,nang,nang,n a Е‹,n a Е‹,elicited,unspecified,,,Kanshouwa2025Saikul,nopage,komsaikul
komsaikul005,no_stem,2.pl,nangni,nangni,nang+ni,n a Е‹ n i,n a Е‹ + n i,elicited,unspecified,,,Kanshouwa2025Saikul,nopage,komsaikul
komsaikul006,no_stem,3.sg,ama,ama,a+ma,a m a,a + m a,elicited,unspecified,,,Kanshouwa2025Saikul,nopage,komsaikul
komsaikul007,no_stem,3.pl,anmani,anmani,a+n+ma+ni,a n m a n i,a + n + m a + n i,elicited,unspecified,,,Kanshouwa2025Saikul,nopage,komsaikul
komsaikul008,se,1.sg.fut.aff,ka-se-sik-eng,ka-ОЈ-sik-eng,ka+ОЈ+sik+eng,k a ОЈ s i k e Е‹,k a + ОЈ + s i k + e Е‹,elicited,unspecified,,,Kanshouwa2026SaikulKom,nopage,komsaikul
komsaikul009,se,1.pl.incl.fut.aff,ka-se-sik-me,ka-ОЈ-sik-me,ka+ОЈ+sik+me,k a ОЈ s i k m e,k a + ОЈ + s i k + m e,elicited,unspecified,,,Kanshouwa2026SaikulKom,nopage,komsaikul
komsaikul010,se,1.pl.excl.fut.aff,ka-se-sik-ung,ka-ОЈ-sik-ung,ka+ОЈ+sik+ung,k a ОЈ s i k u Е‹,k a + ОЈ + s i k + u Е‹,elicited,unspecified,,,Kanshouwa2026SaikulKom,nopage,komsaikul
komsaikul011,hmu,1.sg.2.sg.fut.aff,ka-hmu-sik-che,ka-ОЈ-sik-che,ka+ОЈ+sik+che,k a ОЈ s i k tКѓ e,k a + ОЈ + s i k + tКѓ e,elicited,unspecified,,,Kanshouwa2026SaikulKom,nopage,komsaikul
komsaikul012,hmu,1.sg.2.pl.fut.aff,ka-hmu-sik-chei,ka-ОЈ-sik-chei,ka+ОЈ+sik+chei,k a ОЈ s i k tКѓ ei,k a + ОЈ + s i k + tКѓ ei,elicited,unspecified,,,Kanshouwa2026SaikulKom,nopage,komsaikul
komsaikul013,hmu,1.pl.excl.2.sg.fut.aff,kan-hmu-sik-che,kan-ОЈ-sik-che,ka+n+ОЈ+sik+che,k a n ОЈ s i k tКѓ e,k a + n + ОЈ + s i k + tКѓ e,elicited,unspecified,,,Kanshouwa2026SaikulKom,nopage,komsaikul
komsaikul014,hmu,1.pl.excl.2.pl.fut.aff,kan-hmu-sik-chei,kan-ОЈ-sik-chei,ka+n+ОЈ+sik+chei,k a n ОЈ s i k tКѓ ei,k a + n + ОЈ + s i k + tКѓ ei,elicited,unspecified,,,Kanshouwa2026SaikulKom,nopage,komsaikul
komsaikul015,hmu,1.sg.3.sg.fut.aff,ka-hmu-sik,ka-ОЈ-sik,ka+ОЈ+sik,k a ОЈ s i k,k a + ОЈ + s i k,elicited,unspecified,,,Kanshouwa2026SaikulKom,nopage,komsaikul
komsaikul016,hmu,1.sg.3.pl.fut.aff,ka-hmu-sik-hei,ka-ОЈ-sik-hei,ka+ОЈ+sik+hei,k a ОЈ s i k h ei,k a + ОЈ + s i k + h ei,elicited,unspecified,,,Kanshouwa2026SaikulKom,nopage,komsaikul
komsaikul017,hmu,1.pl.incl.3.sg.fut.aff,ni-hmu-sik,ni-ОЈ-sik,ni+ОЈ+sik,n i ОЈ s i k,n i + ОЈ + s i k,elicited,unspecified,,,Kanshouwa2026SaikulKom,nopage,komsaikul
komsaikul018,hmu,1.pl.excl.3.sg.fut.aff,kan-hmu-sik,kan-ОЈ-sik,ka+n+ОЈ+sik,k a n ОЈ s i k,k a + n + ОЈ + s i k,elicited,unspecified,,,Kanshouwa2026SaikulKom,nopage,komsaikul
komsaikul019,hmu,1.pl.incl.3.pl.fut.aff,ni-hmu-sik-hei,ni-ОЈ-sik-hei,ni+ОЈ+sik+hei,n i ОЈ s i k h ei,n i + ОЈ + s i k + h ei,elicited,unspecified,,,Kanshouwa2026SaikulKom,nopage,komsaikul
komsaikul020,hmu,1.pl.excl.3.pl.fut.aff,kan-hmu-sik-hei,kan-ОЈ-sik-hei,ka+n+ОЈ+sik+hei,k a n ОЈ s i k h ei,k a + n + ОЈ + s i k + h ei,elicited,unspecified,,,Kanshouwa2026SaikulKom,nopage,komsaikul
komsaikul021,se,2.sg.fut.aff,ka-se-sik-che,ka-ОЈ-sik-che,ka+ОЈ+sik+che,k a ОЈ s i k tКѓ e,k a + ОЈ + s i k + tКѓ e,elicited,unspecified,,,Kanshouwa2026SaikulKom,nopage,komsaikul
komsaikul022,se,2.pl.fut.aff,ka-se-sik-chei,ka-ОЈ-sik-chei,ka+ОЈ+sik+chei,k a ОЈ s i k tКѓ ei,k a + ОЈ + s i k + tКѓ ei,elicited,unspecified,,,Kanshouwa2026SaikulKom,nopage,komsaikul
komsaikul023,hmu,2.sg.1.sg.fut.aff,na-hmu-sik-eng,na-ОЈ-sik-eng,na+ОЈ+sik+eng,n a ОЈ s i k e Е‹,n a + ОЈ + s i k + e Е‹,elicited,unspecified,,,Kanshouwa2026SaikulKom,nopage,komsaikul
komsaikul024,hmu,2.sg.1.pl.excl.fut.aff,na-hmu-sik-ung,na-ОЈ-sik-ung,na+ОЈ+sik+ung,n a ОЈ s i k u Е‹,n a + ОЈ + s i k + u Е‹,elicited,unspecified,,,Kanshouwa2026SaikulKom,nopage,komsaikul
komsaikul025,hmu,2.pl.1.sg.fut.aff,nan-hmu-sik-eng,nan-ОЈ-sik-eng,na+n+ОЈ+sik+eng,n a n ОЈ s i k e Е‹,n a + n + ОЈ + s i k + e Е‹,elicited,unspecified,,,Kanshouwa2026SaikulKom,nopage,komsaikul
komsaikul026,hmu,2.pl.1.pl.excl.fut.aff,nan-hmu-sik-ung,nan-ОЈ-sik-ung,na+n+ОЈ+sik+ung,n a n ОЈ s i k u Е‹,n a + n + ОЈ + s i k + u Е‹,elicited,unspecified,,,Kanshouwa2026SaikulKom,nopage,komsaikul
komsaikul027,hmu,2.sg.3.sg.fut.aff,na-hmu-sik,na-ОЈ-sik,na+ОЈ+sik,n a ОЈ s i k,n a + ОЈ + s i k,elicited,unspecified,,,Kanshouwa2026SaikulKom,nopage,komsaikul
komsaikul028,hmu,2.sg.3.pl.fut.aff,na-hmu-sik-hei,na-ОЈ-sik-hei,na+ОЈ+sik+hei,n a ОЈ s i k h ei,n a + ОЈ + s i k + h ei,elicited,unspecified,,,Kanshouwa2026SaikulKom,nopage,komsaikul
komsaikul029,hmu,2.pl.3.sg.fut.aff,nan-hmu-sik,nan-ОЈ-sik,na+n+ОЈ+sik,n a n ОЈ s i k,n a + n + ОЈ + s i k,elicited,unspecified,,,Kanshouwa2026SaikulKom,nopage,komsaikul
komsaikul030,hmu,2.pl.3.pl.fut.aff,nan-hmu-sik-hei,nan-ОЈ-sik-hei,na+n+ОЈ+sik+hei,n a n ОЈ s i k h ei,n a + n + ОЈ + s i k + h ei,elicited,unspecified,,,Kanshouwa2026SaikulKom,nopage,komsaikul
komsaikul031,se,3.sg.fut.aff,ka-se-sik,ka-ОЈ-sik,ka+ОЈ+sik,k a ОЈ s i k,k a + ОЈ + s i k,elicited,unspecified,,,Kanshouwa2026SaikulKom,nopage,komsaikul
komsaikul032,se,3.pl.fut.aff,ka-se-sik-hei,ka-ОЈ-sik-hei,ka+ОЈ+sik+hei,k a ОЈ s i k h ei,k a + ОЈ + s i k + h ei,elicited,unspecified,,,Kanshouwa2026SaikulKom,nopage,komsaikul
komsaikul033,hmu,3.sg.1.sg.fut.aff,a-hmu-sik-eng,a-ОЈ-sik-eng,a+ОЈ+sik+eng,a ОЈ s i k e Е‹,a + ОЈ + s i k + e Е‹,elicited,unspecified,,,Kanshouwa2026SaikulKom,nopage,komsaikul
komsaikul034,hmu,3.sg.1.pl.excl.fut.aff,a-hmu-sik-ung,a-ОЈ-sik-ung,a+ОЈ+sik+ung,a ОЈ s i k u Е‹,a + ОЈ + s i k + u Е‹,elicited,unspecified,,,Kanshouwa2026SaikulKom,nopage,komsaikul
komsaikul035,hmu,3.sg.1.pl.incl.fut.aff,a-hmu-sik-me,a-ОЈ-sik-me,a+ОЈ+sik+me,a ОЈ s i k m e,a + ОЈ + s i k + m e,elicited,unspecified,,,Kanshouwa2026SaikulKom,nopage,komsaikul
komsaikul036,hmu,3.pl.1.sg.fut.aff,an-hmu-sik-eng,an-ОЈ-sik-eng,a+n+ОЈ+sik+eng,a n ОЈ s i k e Е‹,a + n + ОЈ + s i k + e Е‹,elicited,unspecified,,,Kanshouwa2026SaikulKom,nopage,komsaikul
komsaikul037,hmu,3.pl.1.pl.excl.fut.aff,an-hmu-sik-ung,an-ОЈ-sik-ung,a+n+ОЈ+sik+ung,a n ОЈ s i k u Е‹,a + n + ОЈ + s i k + u Е‹,elicited,unspecified,,,Kanshouwa2026SaikulKom,nopage,komsaikul
komsaikul038,hmu,3.pl.1.pl.incl.fut.aff,an-hmu-sik-me,an-ОЈ-sik-me,a+n+ОЈ+sik+me,a n ОЈ s i k m e,a + n + ОЈ + s i k + m e,elicited,unspecified,,,Kanshouwa2026SaikulKom,nopage,komsaikul
komsaikul039,hmu,3.sg.2.sg.fut.aff,a-hmu-sik,a-ОЈ-sik,a+ОЈ+sik+che,a ОЈ s i k tКѓ e,a + ОЈ + s i k + tКѓ e,elicited,unspecified,,,Kanshouwa2026SaikulKom,nopage,komsaikul
komsaikul040,hmu,3.sg.2.pl.fut.aff,a-hmu-sik-chei,a-ОЈ-sik-chei,a+ОЈ+sik+chei,a ОЈ s i k tКѓ ei,a + ОЈ + s i k + tКѓ ei,elicited,unspecified,,,Kanshouwa2026SaikulKom,nopage,komsaikul
komsaikul041,hmu,3.pl.2.sg.fut.aff,an-hmu-sik-che,an-ОЈ-sik-che,a+n+ОЈ+sik+che,a n ОЈ s i k tКѓ e,a + n + ОЈ + s i k + tКѓ e,elicited,unspecified,,,Kanshouwa2026SaikulKom,nopage,komsaikul
komsaikul042,hmu,3.pl.2.pl.fut.aff,an-hmu-sik-chei,an-ОЈ-sik-chei,a+n+ОЈ+sik+chei,a n ОЈ s i k tКѓ ei,a + n + ОЈ + s i k + tКѓ ei,elicited,unspecified,,,Kanshouwa2026SaikulKom,nopage,komsaikul
komsaikul043,hmu,3.sg.3.sg.fut.aff,a-hmu-sik,a-ОЈ-sik,a+ОЈ+sik,a ОЈ s i k,a + ОЈ + s i k,elicited,unspecified,,,Kanshouwa2026SaikulKom,nopage,komsaikul
komsaikul044,hmu,3.sg.3.pl.fut.aff,a-hmu-sik-hei,a-ОЈ-sik-hei,a+ОЈ+sik+hei,a ОЈ s i k h ei,a + ОЈ + s i k + h ei,elicited,unspecified,,,Kanshouwa2026SaikulKom,nopage,komsaikul
komsaikul045,hmu,3.pl.3.sg.fut.aff,an-hmu-sik,an-ОЈ-sik,a+n+ОЈ+sik,a n ОЈ s i k,a + n + ОЈ + s i k,elicited,unspecified,,,Kanshouwa2026SaikulKom,nopage,komsaikul
komsaikul046,hmu,3.pl.3.pl.fut.aff,an-hmu-sik-hei,an-ОЈ-sik-hei,a+n+ОЈ+sik+hei,a n ОЈ s i k h ei,a + n + ОЈ + s i k + h ei,elicited,unspecified,,,Kanshouwa2026SaikulKom,nopage,komsaikul
komsaikul047,se,1.sg.fut.neg,se-mak-ning,ОЈ-mak-ning,ОЈ+mak+n+ing,ОЈ m a k n i Е‹,ОЈ + m a k + n + i Е‹,generated,unspecified,,,Kanshouwa2026SaikulKom,nopage,komsaikul
komsaikul048,se,1.sg.fut.neg,se-mak-ning-eng,ОЈ-mak-ning-eng,ОЈ+mak+n+ing+eng,ОЈ m a k n i Е‹ e Е‹,ОЈ + m a k + n + i Е‹ + e Е‹,elicited,sociolect_var,,,Kanshouwa2026SaikulKom,nopage,komsaikul
komsaikul049,se,1.pl.incl.fut.neg,se-mak-ning-men,ОЈ-mak-ning-men,ОЈ+mak+n+ing+me+n,ОЈ m a k n i Е‹ m e n,ОЈ + m a k + n + i Е‹ + m e + n,elicited,sociolect_var,mult_exponence,,Kanshouwa2026SaikulKom,nopage,komsaikul
komsaikul050,se,1.pl.incl.fut.neg,se-mak-ning-min,ОЈ-mak-ning-min,ОЈ+mak+n+ing+mi+n,ОЈ m a k n i Е‹ m i n,ОЈ + m a k + n + i Е‹ + m i + n,elicited,sociolect_var,mult_exponence,,Kanshouwa2026SaikulKom,nopage,komsaikul
komsaikul051,se,1.pl.incl.fut.neg,se-mak-min,ОЈ-mak-min,ОЈ+mak+mi+n,ОЈ m a k m i n,ОЈ + m a k + m i + n,elicited,unspecified,,optional_future,Kanshouwa2026SaikulKom,nopage,komsaikul
komsaikul052,se,1.pl.excl.fut.neg,se-mak-ning-ung,ОЈ-mak-ning-ung,ОЈ+mak+n+ing+ung,ОЈ m a k n i Е‹ u Е‹,ОЈ + m a k + n + i Е‹ + u Е‹,elicited,sociolect_var,mult_exponence,,Kanshouwa2026SaikulKom,nopage,komsaikul
komsaikul053,se,1.pl.excl.fut.neg,se-mak-ni-ung,ОЈ-mak-ni-ung,ОЈ+mak+ni+ung,ОЈ m a k n i u Е‹,ОЈ + m a k + n i + u Е‹,elicited,unspecified,,,Kanshouwa2026SaikulKom,nopage,komsaikul
komsaikul054,hmu,1.sg.2.sg.fut.neg,hmu-mak-che-ning,ОЈ-mak-che-ning,ОЈ+mak+che+n+ing,ОЈ m a k tКѓ e n i Е‹,ОЈ + m a k + tКѓ e + n + i Е‹,elicited,unspecified,,,Kanshouwa2026SaikulKom,nopage,komsaikul
komsaikul055,hmu,1.sg.2.pl.fut.neg,hmu-mak-chei-ni-eng,ОЈ-mak-chei-ni-eng,ОЈ+mak+chei+ni+eng,ОЈ m a k tКѓ ei n i e Е‹,ОЈ + m a k + tКѓ ei + n i + e Е‹,elicited,unspecified,,,Kanshouwa2026SaikulKom,nopage,komsaikul
komsaikul056,hmu,1.sg.3.pl.fut.neg,hmu-mak-hei-ni-eng,ОЈ-mak-hei-ni-eng,ОЈ+mak+hei+ni+eng,ОЈ m a k h ei n i e Е‹,ОЈ + m a k + h ei + n i + e Е‹,elicited,formal,,,Kanshouwa2026SaikulKom,nopage,komsaikul
komsaikul057,hmu,1.sg.3.pl.fut.neg,hmu-mak-hei-ning,ОЈ-mak-hei-ning,ОЈ+mak+hei+n+ing,ОЈ m a k h ei n i Е‹,ОЈ + m a k + h ei + n + i Е‹,elicited,informal,,fusion,Kanshouwa2026SaikulKom,nopage,komsaikul
komsaikul058,hmu,1.pl.excl.2.sg.fut.neg,hmu-mak-che-ni-ung,ОЈ-mak-che-ni-ung,ОЈ+mak+che+ni+ung,ОЈ m a k tКѓ e n i u Е‹,ОЈ + m a k + tКѓ e + n i + u Е‹,elicited,unspecified,,,Kanshouwa2026SaikulKom,nopage,komsaikul
komsaikul059,hmu,1.pl.excl.2.sg.fut.neg,hmu-mak-che-ning-ung,ОЈ-mak-che-ning-ung,ОЈ+mak+che+n+ing+ung,ОЈ m a k tКѓ e n i Е‹ u Е‹,ОЈ + m a k + tКѓ e + n + i Е‹ + u Е‹,elicited,sociolect_var,mult_exponence,,Kanshouwa2026SaikulKom,nopage,komsaikul
komsaikul060,hmu,1.pl.excl.2.pl.fut.neg,hmu-mak-chei-ni-ung,ОЈ-mak-chei-ni-ung,ОЈ+mak+chei+ni+ung,ОЈ m a k tКѓ ei n i u Е‹,ОЈ + m a k + tКѓ ei + n i + u Е‹,elicited,unspecified,,,Kanshouwa2026SaikulKom,nopage,komsaikul
komsaikul061,hmu,1.pl.excl.2.pl.fut.neg,hmu-mak-chei-ning-ung,ОЈ-mak-chei-ning-ung,ОЈ+mak+chei+n+ing+ung,ОЈ m a k tКѓ ei n i Е‹ u Е‹,ОЈ + m a k + tКѓ ei + n + i Е‹ + u Е‹,elicited,sociolect_var,mult_exponence,,Kanshouwa2026SaikulKom,nopage,komsaikul
komsaikul062,hmu,1.sg.3.sg.fut.neg,hmu-mak-ni-eng,ОЈ-mak-ni-eng,ОЈ+mak+ni+eng,ОЈ m a k n i e Е‹,ОЈ + m a k + n i + e Е‹,elicited,formal,,,Kanshouwa2026SaikulKom,nopage,komsaikul
komsaikul063,hmu,1.sg.3.sg.fut.neg,hmu-mak-ning,ОЈ-mak-ning,ОЈ+mak+n+ing,ОЈ m a k n i Е‹,ОЈ + m a k + n + i Е‹,elicited,informal,,fusion,Kanshouwa2026SaikulKom,nopage,komsaikul
komsaikul064,hmu,1.pl.incl.3.sg.fut.neg,hmu-mak-ni-me,ОЈ-mak-ni-me,ОЈ+mak+ni+me+n,ОЈ m a k n i m e n,ОЈ + m a k + n i + m e + n,elicited,unspecified,,,Kanshouwa2026SaikulKom,nopage,komsaikul
komsaikul065,hmu,1.pl.incl.3.sg.fut.neg,hmu-mak-ning-me,ОЈ-mak-ning-me,ОЈ+mak+n+ing+me+n,ОЈ m a k n i Е‹ m e n,ОЈ + m a k + n + i Е‹ + m e + n,elicited,sociolect_var,mult_exponence,,Kanshouwa2026SaikulKom,nopage,komsaikul
komsaikul066,hmu,1.pl.incl.3.sg.fut.neg,hmu-mak-ning-me,ОЈ-mak-ning-me,ОЈ+mak+n+ing+mi+n,ОЈ m a k n i Е‹ m i n,ОЈ + m a k + n + i Е‹ + m i + n,elicited,sociolect_var,mult_exponence,,Kanshouwa2026SaikulKom,nopage,komsaikul
komsaikul067,hmu,1.pl.excl.3.sg.fut.neg,hmu-mak-ni-ung,ОЈ-mak-ni-ung,ОЈ+mak+ni+ung,ОЈ m a k n i u Е‹,ОЈ + m a k + n i + u Е‹,elicited,unspecified,,,Kanshouwa2026SaikulKom,nopage,komsaikul
komsaikul068,hmu,1.pl.excl.3.sg.fut.neg,hmu-mak-ning-ung,ОЈ-mak-ning-ung,ОЈ+mak+n+ing+ung,ОЈ m a k n i Е‹ u Е‹,ОЈ + m a k + n + i Е‹ + u Е‹,elicited,sociolect_var,mult_exponence,,Kanshouwa2026SaikulKom,nopage,komsaikul
komsaikul069,hmu,1.pl.incl.3.pl.fut.neg,hmu-mak-hei-ni-men,ОЈ-mak-hei-ni-men,ОЈ+mak+hei+ni+me+n,ОЈ m a k h ei n i m e n,ОЈ + m a k + h ei + n i + m e + n,elicited,sociolect_var,,,Kanshouwa2026SaikulKom,nopage,komsaikul
komsaikul070,hmu,1.pl.incl.3.pl.fut.neg,hmu-mak-hei-ning-men,ОЈ-mak-hei-ning-men,ОЈ+mak+hei+n+ing+me+n,ОЈ m a k h ei n i Е‹ m e n,ОЈ + m a k + h ei + n + i Е‹ + m e + n,elicited,sociolect_var,mult_exponence,,Kanshouwa2026SaikulKom,nopage,komsaikul
komsaikul071,hmu,1.pl.incl.3.pl.fut.neg,hmu-mak-hei-ning-min,ОЈ-mak-hei-ning-min,ОЈ+mak+hei+n+ing+mi+n,ОЈ m a k h ei n i Е‹ m i n,ОЈ + m a k + h ei + n + i Е‹ + m i + n,elicited,sociolect_var,mult_exponence,,Kanshouwa2026SaikulKom,nopage,komsaikul
komsaikul072,hmu,1.pl.excl.3.pl.fut.neg,hmu-mak-hei-ni-ung,ОЈ-mak-hei-ni-ung,ОЈ+mak+hei+ni+ung,ОЈ m a k h ei n i u Е‹,ОЈ + m a k + h ei + n i + u Е‹,elicited,unspecified,,,Kanshouwa2026SaikulKom,nopage,komsaikul
komsaikul073,hmu,1.pl.excl.3.pl.fut.neg,hmu-mak-hei-ning-ung,ОЈ-mak-hei-ning-ung,ОЈ+mak+hei+n+ing+ung,ОЈ m a k h ei n i Е‹ u Е‹,ОЈ + m a k + h ei + n + i Е‹ + u Е‹,elicited,sociolect_var,mult_exponence,,Kanshouwa2026SaikulKom,nopage,komsaikul
komsaikul074,se,2.sg.fut.neg,se-mak-tin-che,ОЈ-mak-tin-che,ОЈ+mak+ti+n+che,ОЈ m a k t i n tКѓ e,ОЈ + m a k + t i + n + tКѓ e,elicited,unspecified,mult_exponence,,Kanshouwa2026SaikulKom,nopage,komsaikul
komsaikul075,se,2.sg.fut.neg,se-mak-ning-che,ОЈ-mak-ning-che,ОЈ+mak+n+ing+che,ОЈ m a k n i Е‹ tКѓ e,ОЈ + m a k + n + i Е‹ + tКѓ e,elicited,sociolect_var,,,Kanshouwa2026SaikulKom,nopage,komsaikul
komsaikul076,se,2.pl.fut.neg,se-mak-tin-chei,ОЈ-mak-tin-chei,ОЈ+mak+ti+n+chei,ОЈ m a k t i n tКѓ ei,ОЈ + m a k + t i + n + tКѓ ei,elicited,unspecified,mult_exponence,,Kanshouwa2026SaikulKom,nopage,komsaikul
komsaikul077,se,2.pl.fut.neg,se-mak-ning-chei,ОЈ-mak-ning-chei,ОЈ+mak+n+ing+chei,ОЈ m a k n i Е‹ tКѓ ei,ОЈ + m a k + n + i Е‹ + tКѓ ei,elicited,sociolect_var,,,Kanshouwa2026SaikulKom,nopage,komsaikul
komsaikul078,hmu,2.sg.1.sg.fut.neg,ei-hmu-mak-ning-che,ei-ОЈ-mak-ning-che,ei+ОЈ+mak+n+ing+che,ei ОЈ m a k n i Е‹ tКѓ e,ei + ОЈ + m a k + n + i Е‹ + tКѓ e,generated,sociolect_var,,,Kanshouwa2026SaikulKom,nopage,komsaikul
komsaikul079,hmu,2.sg.1.sg.fut.neg,a-hmu-mak-ning-che,a-ОЈ-mak-ning-che,a+ОЈ+mak+n+ing+che,a ОЈ m a k n i Е‹ tКѓ e,a + ОЈ + m a k + n + i Е‹ + tКѓ e,generated,sociolect_var,,,Kanshouwa2026SaikulKom,nopage,komsaikul
komsaikul080,hmu,2.sg.1.sg.fut.neg,ei-hmu-mak-tin-che,ei-ОЈ-mak-tin-che,ei+ОЈ+mak+ti+n+che,ei ОЈ m a k t i n tКѓ e,ei + ОЈ + m a k + t i + n + tКѓ e,generated,dialect_var,mult_exponence,,Kanshouwa2026SaikulKom,nopage,komsaikul
komsaikul081,hmu,2.sg.1.sg.fut.neg,a-hmu-mak-tin-che,a-ОЈ-mak-tin-che,a+ОЈ+mak+ti+n+che,a ОЈ m a k t i n tКѓ e,a + ОЈ + m a k + t i + n + tКѓ e,elicited,unspecified,mult_exponence,,Kanshouwa2026SaikulKom,nopage,komsaikul
komsaikul082,hmu,2.sg.1.pl.excl.fut.neg,ei-hmu-mak-tin-che,ei-ОЈ-mak-tin-che,ei+ОЈ+mak+ti+n+che,ei ОЈ m a k t i n tКѓ e,ei + ОЈ + m a k + t i + n + tКѓ e,elicited,unspecified,mult_exponence,,Kanshouwa2026SaikulKom,nopage,komsaikul
komsaikul083,hmu,2.sg.1.pl.excl.fut.neg,ei-hmu-mak-ning-che,ei-ОЈ-mak-ning-che,ei+ОЈ+mak+n+ing+che,ei ОЈ m a k n i Е‹ tКѓ e,ei + ОЈ + m a k + n + i Е‹ + tКѓ e,elicited,sociolect_var,,,Kanshouwa2026SaikulKom,nopage,komsaikul
komsaikul084,hmu,2.sg.1.pl.excl.fut.neg,a-hmu-mak-tin-che,a-ОЈ-mak-tin-che,a+ОЈ+mak+ti+n+che,a ОЈ m a k t i n tКѓ e,a + ОЈ + m a k + t i + n + tКѓ e,elicited,dialect_var,mult_exponence,,Kanshouwa2026SaikulKom,nopage,komsaikul
komsaikul085,hmu,2.sg.1.pl.excl.fut.neg,a-hmu-mak-ning-che,a-ОЈ-mak-ning-che,a+ОЈ+mak+n+ing+che,a ОЈ m a k n i Е‹ tКѓ e,a + ОЈ + m a k + n + i Е‹ + tКѓ e,generated,sociolect_var,,,Kanshouwa2026SaikulKom,nopage,komsaikul
komsaikul086,hmu,2.pl.1.sg.fut.neg,a-hmu-mak-tin-chei,a-ОЈ-mak-tin-chei,a+ОЈ+mak+ti+n+chei,a ОЈ m a k t i n tКѓ ei,a + ОЈ + m a k + t i + n + tКѓ ei,elicited,unspecified,mult_exponence,,Kanshouwa2026SaikulKom,nopage,komsaikul
komsaikul087,hmu,2.pl.1.sg.fut.neg,ei-hmu-mak-tin-chei,ei-ОЈ-mak-tin-chei,ei+ОЈ+mak+ti+n+chei,ei ОЈ m a k t i n tКѓ ei,ei + ОЈ + m a k + t i + n + tКѓ ei,generated,dialect_var,mult_exponence,,Kanshouwa2026SaikulKom,nopage,komsaikul
komsaikul088,hmu,2.pl.1.sg.fut.neg,ei-hmu-mak-ning-chei,ei-ОЈ-mak-ning-chei,a+ОЈ+mak+n+ing+chei,a ОЈ m a k n i Е‹ tКѓ ei,a + ОЈ + m a k + n + i Е‹ + tКѓ ei,elicited,sociolect_var,mult_exponence,,Kanshouwa2026SaikulKom,nopage,komsaikul
komsaikul089,hmu,2.pl.1.sg.fut.neg,a-hmu-mak-ning-chei,a-ОЈ-mak-ning-chei,ei+ОЈ+mak+n+ing+chei,ei ОЈ m a k n i Е‹ tКѓ ei,ei + ОЈ + m a k + n + i Е‹ + tКѓ ei,generated,sociolect_var,mult_exponence,,Kanshouwa2026SaikulKom,nopage,komsaikul
komsaikul090,hmu,2.pl.1.pl.excl.fut.neg,ei-hmu-mak-tin-chei,ei-ОЈ-mak-tin-chei,ei+ОЈ+mak+ti+n+chei,ei ОЈ m a k t i n tКѓ ei,ei + ОЈ + m a k + t i + n + tКѓ ei,generated,unspecified,mult_exponence,,Kanshouwa2026SaikulKom,nopage,komsaikul
komsaikul091,hmu,2.pl.1.pl.excl.fut.neg,a-hmu-mak-tin-chei,a-ОЈ-mak-tin-chei,a+ОЈ+mak+ti+n+chei,a ОЈ m a k t i n tКѓ ei,a + ОЈ + m a k + t i + n + tКѓ ei,elicited,dialect_var,mult_exponence,,Kanshouwa2026SaikulKom,nopage,komsaikul
komsaikul092,hmu,2.pl.1.pl.excl.fut.neg,ei-hmu-mak-ning-chei,ei-ОЈ-mak-ning-chei,ei+ОЈ+mak+n+ing+chei,ei ОЈ m a k n i Е‹ tКѓ ei,ei + ОЈ + m a k + n + i Е‹ + tКѓ ei,elicited,sociolect_var,mult_exponence,,Kanshouwa2026SaikulKom,nopage,komsaikul
komsaikul093,hmu,2.pl.1.pl.excl.fut.neg,a-hmu-mak-ning-chei,a-ОЈ-mak-ning-chei,a+ОЈ+mak+n+ing+chei,a ОЈ m a k n i Е‹ tКѓ ei,a + ОЈ + m a k + n + i Е‹ + tКѓ ei,generated,sociolect_var,mult_exponence,,Kanshouwa2026SaikulKom,nopage,komsaikul
komsaikul094,hmu,2.sg.3.sg.fut.neg,hmu-mak-tin-che,ОЈ-mak-tin-che,ОЈ+mak+ti+n+che,ОЈ m a k t i n tКѓ e,ОЈ + m a k + t i + n + tКѓ e,elicited,unspecified,mult_exponence,,Kanshouwa2026SaikulKom,nopage,komsaikul
komsaikul095,hmu,2.sg.3.sg.fut.neg,hmu-mak-ning-che,ОЈ-mak-ning-che,ОЈ+mak+n+ing+che,ОЈ m a k n i Е‹ tКѓ e,ОЈ + m a k + n + i Е‹ + tКѓ e,elicited,sociolect_var,,,Kanshouwa2026SaikulKom,nopage,komsaikul
komsaikul096,hmu,2.sg.3.pl.fut.neg,hmu-mak-hei-tin-che,ОЈ-mak-hei-tin-che,ОЈ+mak+hei+ti+n+che,ОЈ m a k h ei t i n tКѓ e,ОЈ + m a k + h ei + t i + n + tКѓ e,elicited,unspecified,mult_exponence,,Kanshouwa2026SaikulKom,nopage,komsaikul
komsaikul097,hmu,2.sg.3.pl.fut.neg,hmu-mak-hei-ning-che,ОЈ-mak-hei-ning-che,ОЈ+mak+hei+n+ing+che,ОЈ m a k h ei n i Е‹ tКѓ e,ОЈ + m a k + h ei + n + i Е‹ + tКѓ e,elicited,sociolect_var,,,Kanshouwa2026SaikulKom,nopage,komsaikul
komsaikul098,hmu,2.sg.3.pl.fut.neg,hmu-mak-ning-hei-che,ОЈ-mak-ning-hei-che,ОЈ+mak+n+ing+hei+che,ОЈ m a k n i Е‹ h ei tКѓ e,ОЈ + m a k + n + i Е‹ + h ei + tКѓ e,elicited,sociolect_var,variable_order,,Kanshouwa2026SaikulKom,nopage,komsaikul
komsaikul099,hmu,2.sg.3.pl.fut.neg,hei-hmu-mak-tin-che,hei-ОЈ-mak-tin-che,hei+ОЈ+mak+ti+n+che,h ei ОЈ m a k t i n tКѓ e,h ei + ОЈ + m a k + t i + n + tКѓ e,elicited,unspecified,variable_order; mult_exponence,,Kanshouwa2026SaikulKom,nopage,komsaikul
komsaikul100,hmu,2.pl.3.sg.fut.neg,hmu-mak-tin-chei,ОЈ-mak-tin-chei,ОЈ+mak+ti+n+chei,ОЈ m a k t i n tКѓ ei,ОЈ + m a k + t i + n + tКѓ ei,elicited,unspecified,mult_exponence,,Kanshouwa2026SaikulKom,nopage,komsaikul
komsaikul101,hmu,2.pl.3.sg.fut.neg,hmu-mak-ning-chei,ОЈ-mak-ning-chei,ОЈ+mak+n+ing+chei,ОЈ m a k n i Е‹ tКѓ ei,ОЈ + m a k + n + i Е‹ + tКѓ ei,elicited,sociolect_var,mult_exponence,,Kanshouwa2026SaikulKom,nopage,komsaikul
komsaikul102,hmu,2.pl.3.pl.fut.neg,hmu-mak-hei-tin-chei,ОЈ-mak-hei-tin-chei,ОЈ+mak+hei+ti+n+chei,ОЈ m a k h ei t i n tКѓ ei,ОЈ + m a k + h ei + t i + n + tКѓ ei,elicited,unspecified,mult_exponence,,Kanshouwa2026SaikulKom,nopage,komsaikul
komsaikul103,hmu,2.pl.3.pl.fut.neg,hei-hmu-mak-tin-chei,hei-ОЈ-mak-tin-chei,hei+ОЈ+mak+ti+n+chei,h ei ОЈ m a k t i n tКѓ ei,h ei + ОЈ + m a k + t i + n + tКѓ ei,elicited,sociolect_var,variable_order; mult_exponence,,Kanshouwa2026SaikulKom,nopage,komsaikul
komsaikul104,hmu,2.pl.3.pl.fut.neg,hmu-mak-tin-chei,ОЈ-mak-tin-chei,ОЈ+mak+ti+n+chei,ОЈ m a k t i n tКѓ ei,ОЈ + m a k + t i + n + tКѓ ei,elicited,unspecified,mult_exponence,optional_plural,Kanshouwa2026SaikulKom,nopage,komsaikul
komsaikul105,hmu,2.pl.3.pl.fut.neg,hmu-mak-ning-chei,ОЈ-mak-ning-chei,ОЈ+mak+n+ing+chei,ОЈ m a k n i Е‹ tКѓ ei,ОЈ + m a k + n + i Е‹ + tКѓ ei,elicited,sociolect_var,,optional_plural,Kanshouwa2026SaikulKom,nopage,komsaikul
komsaikul106,hmu,2.pl.3.pl.fut.neg,hmu-mak-ning-hei-chei,ОЈ-mak-ning-hei-chei,ОЈ+mak+n+ing+hei+chei,ОЈ m a k n i Е‹ h ei tКѓ ei,ОЈ + m a k + n + i Е‹ + h ei + tКѓ ei,elicited,sociolect_var,variable_order,,Kanshouwa2026SaikulKom,nopage,komsaikul
komsaikul107,se,3.sg.fut.neg,se-mak-ning,ОЈ-mak-ning,ОЈ+mak+n+ing,ОЈ m a k n i Е‹,ОЈ + m a k + n + i Е‹,elicited,unspecified,,,Kanshouwa2026SaikulKom,nopage,komsaikul
komsaikul108,se,3.pl.fut.neg,se-mak-ning-hei,ОЈ-mak-ning-hei,ОЈ+mak+n+ing+hei,ОЈ m a k n i Е‹ h ei,ОЈ + m a k + n + i Е‹ + h ei,elicited,unspecified,,,Kanshouwa2026SaikulKom,nopage,komsaikul
komsaikul109,hmu,3.sg.1.sg.fut.neg,ei-hmu-mak-ning,ei-ОЈ-mak-ning,ei+ОЈ+mak+n+ing,ei ОЈ m a k n i Е‹,ei + ОЈ + m a k + n + i Е‹,generated,dialect_var,,,Kanshouwa2026SaikulKom,nopage,komsaikul
komsaikul110,hmu,3.sg.1.sg.fut.neg,a-hmu-mak-ning,a-ОЈ-mak-ning,a+ОЈ+mak+n+ing,a ОЈ m a k n i Е‹,a + ОЈ + m a k + n + i Е‹,elicited,unspecified,,,Kanshouwa2026SaikulKom,nopage,komsaikul
komsaikul111,hmu,3.sg.1.pl.excl.fut.neg,ei-hmu-mak-ning,ei-ОЈ-mak-ning,ei+ОЈ+mak+n+ing,ei ОЈ m a k n i Е‹,ei + ОЈ + m a k + n + i Е‹,elicited,unspecified,,,Kanshouwa2026SaikulKom,nopage,komsaikul
komsaikul112,hmu,3.sg.1.pl.excl.fut.neg,a-hmu-mak-ning,a-ОЈ-mak-ning,a+ОЈ+mak+n+ing,a ОЈ m a k n i Е‹,a + ОЈ + m a k + n + i Е‹,generated,dialect_var,,,Kanshouwa2026SaikulKom,nopage,komsaikul
komsaikul113,hmu,3.sg.1.pl.incl.fut.neg,ei-hmu-mak-ning,ei-ОЈ-mak-ning,ei+ОЈ+mak+n+ing,ei ОЈ m a k n i Е‹,ei + ОЈ + m a k + n + i Е‹,elicited,unspecified,,,Kanshouwa2026SaikulKom,nopage,komsaikul
komsaikul114,hmu,3.sg.1.pl.incl.fut.neg,a-hmu-mak-ning,a-ОЈ-mak-ning,a+ОЈ+mak+n+ing,a ОЈ m a k n i Е‹,a + ОЈ + m a k + n + i Е‹,generated,dialect_var,,,Kanshouwa2026SaikulKom,nopage,komsaikul
komsaikul115,hmu,3.pl.1.sg.fut.neg,ei-hmu-mak-hei-ning,ei-ОЈ-mak-hei-ning,ei+ОЈ+mak+hei+n+ing,ei ОЈ m a k h ei n i Е‹,ei + ОЈ + m a k + h ei + n + i Е‹,elicited,sociolect_var,mult_exponence,,Kanshouwa2026SaikulKom,nopage,komsaikul
komsaikul116,hmu,3.pl.1.sg.fut.neg,a-hmu-mak-hei-ning,a-ОЈ-mak-hei-ning,a+ОЈ+mak+hei+n+ing,a ОЈ m a k h ei n i Е‹,a + ОЈ + m a k + h ei + n + i Е‹,generated,unspecified,mult_exponence,,Kanshouwa2026SaikulKom,nopage,komsaikul
komsaikul117,hmu,3.pl.1.sg.fut.neg,ei-hmu-mak-ning-hei,ei-ОЈ-mak-ning-hei,ei+ОЈ+mak+n+ing+hei,ei ОЈ m a k n i Е‹ h ei,ei + ОЈ + m a k + n + i Е‹ + h ei,elicited,sociolect_var,variable_order; mult_exponence,,Kanshouwa2026SaikulKom,nopage,komsaikul
komsaikul118,hmu,3.pl.1.pl.excl.fut.neg,ei-hmu-mak-hei-ning,ei-ОЈ-mak-hei-ning,ei+ОЈ+mak+hei+n+ing,ei ОЈ m a k h ei n i Е‹,ei + ОЈ + m a k + h ei + n + i Е‹,elicited,unspecified,mult_exponence,,Kanshouwa2026SaikulKom,nopage,komsaikul
komsaikul119,hmu,3.pl.1.pl.excl.fut.neg,a-hmu-mak-hei-ning,a-ОЈ-mak-hei-ning,a+ОЈ+mak+hei+n+ing,a ОЈ m a k h ei n i Е‹,a + ОЈ + m a k + h ei + n + i Е‹,generated,dialect_var,mult_exponence,,Kanshouwa2026SaikulKom,nopage,komsaikul
komsaikul120,hmu,3.pl.1.pl.excl.fut.neg,ei-hmu-mak-ning-hei,ei-ОЈ-mak-ning-hei,ei+ОЈ+mak+n+ing+hei,ei ОЈ m a k n i Е‹ h ei,ei + ОЈ + m a k + n + i Е‹ + h ei,elicited,sociolect_var,variable_order,,Kanshouwa2026SaikulKom,nopage,komsaikul
komsaikul121,hmu,3.pl.1.pl.incl.fut.neg,ei-hmu-mak-hei-ning,ei-ОЈ-mak-hei-ning,ei+ОЈ+mak+hei+n+ing,ei ОЈ m a k h ei n i Е‹,ei + ОЈ + m a k + h ei + n + i Е‹,elicited,unspecified,mult_exponence,,Kanshouwa2026SaikulKom,nopage,komsaikul
komsaikul122,hmu,3.pl.1.pl.incl.fut.neg,a-hmu-mak-hei-ning,a-ОЈ-mak-hei-ning,a+ОЈ+mak+hei+n+ing,a ОЈ m a k h ei n i Е‹,a + ОЈ + m a k + h ei + n + i Е‹,generated,dialect_var,mult_exponence,,Kanshouwa2026SaikulKom,nopage,komsaikul
komsaikul123,hmu,3.pl.1.pl.incl.fut.neg,a-hmu-mak-ning-hei,a-ОЈ-mak-ning-hei,ei+ОЈ+mak+n+ing+hei,ei ОЈ m a k n i Е‹ h ei,ei + ОЈ + m a k + n + i Е‹ + h ei,elicited,sociolect_var,variable_order; mult_exponence,,Kanshouwa2026SaikulKom,nopage,komsaikul
komsaikul124,hmu,3.sg.2.sg.fut.neg,hmu-mak-tin-che,ОЈ-mak-tin-che,ОЈ+mak+ti+n+che,ОЈ m a k t i n tКѓ e,ОЈ + m a k + t i + n + tКѓ e,elicited,unspecified,mult_exponence,,Kanshouwa2026SaikulKom,nopage,komsaikul
komsaikul125,hmu,3.sg.2.sg.fut.neg,hmu-mak-ning-che,ОЈ-mak-ning-che,ОЈ+mak+n+ing+che,ОЈ m a k n i Е‹ tКѓ e,ОЈ + m a k + n + i Е‹ + tКѓ e,elicited,sociolect_var,,,Kanshouwa2026SaikulKom,nopage,komsaikul
komsaikul126,hmu,3.sg.2.pl.fut.neg,hmu-mak-tin-chei,ОЈ-mak-tin-chei,ОЈ+mak+ti+n+chei,ОЈ m a k t i n tКѓ ei,ОЈ + m a k + t i + n + tКѓ ei,elicited,unspecified,mult_exponence,,Kanshouwa2026SaikulKom,nopage,komsaikul
komsaikul127,hmu,3.sg.2.pl.fut.neg,hmu-mak-ning-chei,ОЈ-mak-ning-chei,ОЈ+mak+n+ing+chei,ОЈ m a k n i Е‹ tКѓ ei,ОЈ + m a k + n + i Е‹ + tКѓ ei,elicited,sociolect_var,,,Kanshouwa2026SaikulKom,nopage,komsaikul
komsaikul128,hmu,3.pl.2.sg.fut.neg,hmu-mak-hei-tin-che,ОЈ-mak-hei-tin-che,ОЈ+mak+hei+ti+n+che,ОЈ m a k h ei t i n tКѓ e,ОЈ + m a k + h ei + t i + n + tКѓ e,elicited,unspecified,mult_exponence,,Kanshouwa2026SaikulKom,nopage,komsaikul
komsaikul129,hmu,3.pl.2.sg.fut.neg,hmu-mak-hei-ning-che,ОЈ-mak-hei-ning-che,ОЈ+mak+hei+n+ing+che,ОЈ m a k h ei n i Е‹ tКѓ e,ОЈ + m a k + h ei + n + i Е‹ + tКѓ e,elicited,sociolect_var,,,Kanshouwa2026SaikulKom,nopage,komsaikul
komsaikul130,hmu,3.pl.2.sg.fut.neg,hmu-mak-ning-hei-che,ОЈ-mak-ning-hei-che,ОЈ+mak+n+ing+hei+che,ОЈ m a k n i Е‹ h ei tКѓ e,ОЈ + m a k + n + i Е‹ + h ei + tКѓ e,elicited,sociolect_var,variable_order,,Kanshouwa2026SaikulKom,nopage,komsaikul
komsaikul131,hmu,3.pl.2.pl.fut.neg,hmu-mak-hei-tin-chei,ОЈ-mak-hei-tin-chei,ОЈ+mak+hei+ti+n+chei,ОЈ m a k h ei t i n tКѓ ei,ОЈ + m a k + h ei + t i + n + tКѓ ei,elicited,unspecified,mult_exponence,,Kanshouwa2026SaikulKom,nopage,komsaikul
komsaikul132,hmu,3.pl.2.pl.fut.neg,hmu-mak-tin-chei,ОЈ-mak-tin-chei,ОЈ+mak+ti+n+chei,ОЈ m a k t i n tКѓ ei,ОЈ + m a k + t i + n + tКѓ ei,elicited,unspecified,mult_exponence,optional_plural,Kanshouwa2026SaikulKom,nopage,komsaikul
komsaikul133,hmu,3.pl.2.pl.fut.neg,hmu-mak-ning-chei,ОЈ-mak-ning-chei,ОЈ+mak+n+ing+chei,ОЈ m a k n i Е‹ tКѓ ei,ОЈ + m a k + n + i Е‹ + tКѓ ei,elicited,sociolect_var,,optional_plural,Kanshouwa2026SaikulKom,nopage,komsaikul
komsaikul134,hmu,3.pl.2.pl.fut.neg,hmu-mak-ning-hei-chei,ОЈ-mak-ning-hei-chei,ОЈ+mak+n+ing+hei+chei,ОЈ m a k n i Е‹ h ei tКѓ ei,ОЈ + m a k + n + i Е‹ + h ei + tКѓ ei,elicited,sociolect_var,variable_order,,Kanshouwa2026SaikulKom,nopage,komsaikul
komsaikul135,hmu,3.sg.3.sg.fut.neg,hmu-mak-ning,ОЈ-mak-ning,ОЈ+mak+n+ing,ОЈ m a k n i Е‹,ОЈ + m a k + n + i Е‹,elicited,unspecified,,,Kanshouwa2026SaikulKom,nopage,komsaikul
komsaikul136,hmu,3.sg.3.pl.fut.neg,hmu-mak-hei-ning,ОЈ-mak-hei-ning,ОЈ+mak+hei+n+ing,ОЈ m a k h ei n i Е‹,ОЈ + m a k + h ei + n + i Е‹,elicited,unspecified,,,Kanshouwa2026SaikulKom,nopage,komsaikul
komsaikul137,hmu,3.sg.3.pl.fut.neg,hmu-mak-ning-hei,ОЈ-mak-ning-hei,ОЈ+mak+n+ing+hei,ОЈ m a k n i Е‹ h ei,ОЈ + m a k + n + i Е‹ + h ei,elicited,sociolect_var,variable_order,,Kanshouwa2026SaikulKom,nopage,komsaikul
komsaikul138,hmu,3.pl.3.sg.fut.neg,hmu-mak-hei-ning,ОЈ-mak-hei-ning,ОЈ+mak+hei+n+ing,ОЈ m a k h ei n i Е‹,ОЈ + m a k + h ei + n + i Е‹,elicited,unspecified,,,Kanshouwa2026SaikulKom,nopage,komsaikul
komsaikul139,hmu,3.pl.3.sg.fut.neg,hmu-mak-ning-hei,ОЈ-mak-ning-hei,ОЈ+mak+n+ing+hei,ОЈ m a k n i Е‹ h ei,ОЈ + m a k + n + i Е‹ + h ei,elicited,sociolect_var,variable_order,,Kanshouwa2026SaikulKom,nopage,komsaikul
komsaikul140,hmu,3.pl.3.pl.fut.neg,hmu-mak-hei-ning,ОЈ-mak-hei-ning,ОЈ+mak+hei+n+ing,ОЈ m a k h ei n i Е‹,ОЈ + m a k + h ei + n + i Е‹,elicited,unspecified,,,Kanshouwa2026SaikulKom,nopage,komsaikul
komsaikul141,hmu,3.pl.3.pl.fut.neg,hmu-mak-ning-hei,ОЈ-mak-ning-hei,ОЈ+mak+n+ing+hei,ОЈ m a k n i Е‹ h ei,ОЈ + m a k + n + i Е‹ + h ei,elicited,sociolect_var,variable_order,,Kanshouwa2026SaikulKom,nopage,komsaikul
komsaikul142,se,1.sg.nfut.aff,ka-se-eng,ka-ОЈ-eng,ka+ОЈ+eng,k a ОЈ e Е‹,k a + ОЈ + e Е‹,elicited,unspecified,,,Kanshouwa2026SaikulKom,nopage,komsaikul
komsaikul143,se,1.pl.incl.nfut.aff,ka-se-me,ka-ОЈ-me,ka+ОЈ+me,k a ОЈ m e,k a + ОЈ + m e,elicited,unspecified,,,Kanshouwa2026SaikulKom,nopage,komsaikul
komsaikul144,se,1.pl.incl.nfut.aff,ka-se-mi,ka-ОЈ-mi,ka+ОЈ+mi,k a ОЈ m i,k a + ОЈ + m i,elicited,dialect_var,,,Kanshouwa2026SaikulKom,nopage,komsaikul
komsaikul145,se,1.pl.excl.nfut.aff,ka-se-ung,ka-ОЈ-ung,ka+ОЈ+ung,k a ОЈ u Е‹,k a + ОЈ + u Е‹,elicited,unspecified,,,Kanshouwa2026SaikulKom,nopage,komsaikul
komsaikul146,hmu,1.sg.2.sg.nfut.aff,ka-hmu-che,ka-ОЈ-che,ka+ОЈ+che,k a ОЈ tКѓ e,k a + ОЈ + tКѓ e,elicited,unspecified,,,Kanshouwa2026SaikulKom,nopage,komsaikul
komsaikul147,hmu,1.sg.2.pl.nfut.aff,ka-hmu-chei,ka-ОЈ-chei,ka+ОЈ+chei,k a ОЈ tКѓ ei,k a + ОЈ + tКѓ ei,elicited,unspecified,,,Kanshouwa2026SaikulKom,nopage,komsaikul
komsaikul148,hmu,1.pl.excl.2.sg.nfut.aff,kan-hmu-che,kan-ОЈ-che,ka+n+ОЈ+che,k a n ОЈ tКѓ e,k a + n + ОЈ + tКѓ e,elicited,unspecified,,,Kanshouwa2026SaikulKom,nopage,komsaikul
komsaikul149,hmu,1.pl.excl.2.pl.nfut.aff,kan-hmu-chei,kan-ОЈ-chei,ka+n+ОЈ+chei,k a n ОЈ tКѓ ei,k a + n + ОЈ + tКѓ ei,elicited,unspecified,,,Kanshouwa2026SaikulKom,nopage,komsaikul
komsaikul150,hmu,1.sg.3.sg.nfut.aff,kan-hmu,kan-ОЈ,ka+ОЈ,k a ОЈ,k a + ОЈ,elicited,unspecified,,,Kanshouwa2026SaikulKom,nopage,komsaikul
komsaikul151,hmu,1.sg.3.pl.nfut.aff,kan-hmu-hei,kan-ОЈ-hei,ka+ОЈ+hei,k a ОЈ h ei,k a + ОЈ + h ei,elicited,unspecified,,,Kanshouwa2026SaikulKom,nopage,komsaikul
komsaikul152,hmu,1.pl.incl.3.sg.nfut.aff,ni-hmu,ni-ОЈ,ni+ОЈ,n i ОЈ,n i + ОЈ,elicited,unspecified,,optional_plural,Kanshouwa2026SaikulKom,nopage,komsaikul
komsaikul153,hmu,1.pl.excl.3.sg.nfut.aff,kan-hmu,kan-ОЈ,ka+n+ОЈ,k a n ОЈ,k a + n + ОЈ,elicited,unspecified,,,Kanshouwa2026SaikulKom,nopage,komsaikul
komsaikul154,hmu,1.pl.incl.3.pl.nfut.aff,ni-hmu-hei,ni-ОЈ-hei,ni+ОЈ+hei,n i ОЈ h ei,n i + ОЈ + h ei,elicited,unspecified,,,Kanshouwa2026SaikulKom,nopage,komsaikul
komsaikul155,hmu,1.pl.excl.3.pl.nfut.aff,kan-hmu-hei,kan-ОЈ-hei,ka+n+ОЈ+hei,k a n ОЈ h ei,k a + n + ОЈ + h ei,elicited,unspecified,,,Kanshouwa2026SaikulKom,nopage,komsaikul
komsaikul156,se,2.sg.nfut.aff,ka-se-che,ka-ОЈ-che,ka+ОЈ+che,k a ОЈ tКѓ e,k a + ОЈ + tКѓ e,elicited,unspecified,,,Kanshouwa2026SaikulKom,nopage,komsaikul
komsaikul157,se,2.pl.nfut.aff,ka-se-chei,ka-ОЈ-chei,ka+ОЈ+chei,k a ОЈ tКѓ ei,k a + ОЈ + tКѓ ei,elicited,unspecified,,,Kanshouwa2026SaikulKom,nopage,komsaikul
komsaikul158,hmu,2.sg.1.sg.nfut.aff,na-hmu-eng,na-ОЈ-eng,na+ОЈ+eng,n a ОЈ e Е‹,n a + ОЈ + e Е‹,elicited,unspecified,,,Kanshouwa2026SaikulKom,nopage,komsaikul
komsaikul159,hmu,2.sg.1.pl.excl.nfut.aff,na-hmu-ung,na-ОЈ-ung,na+ОЈ+ung,n a ОЈ u Е‹,n a + ОЈ + u Е‹,elicited,unspecified,,,Kanshouwa2026SaikulKom,nopage,komsaikul
komsaikul160,hmu,2.pl.1.sg.nfut.aff,nan-hmu-eng,nan-ОЈ-eng,na+n+ОЈ+eng,n a n ОЈ e Е‹,n a + n + ОЈ + e Е‹,elicited,unspecified,,,Kanshouwa2026SaikulKom,nopage,komsaikul
komsaikul161,hmu,2.pl.1.pl.excl.nfut.aff,nan-hmu-ung,nan-ОЈ-ung,na+n+ОЈ+ung,n a n ОЈ u Е‹,n a + n + ОЈ + u Е‹,elicited,unspecified,,,Kanshouwa2026SaikulKom,nopage,komsaikul
komsaikul162,hmu,2.sg.3.sg.nfut.aff,na-hmu,na-ОЈ,na+ОЈ,n a ОЈ,n a + ОЈ,elicited,unspecified,,,Kanshouwa2026SaikulKom,nopage,komsaikul
komsaikul163,hmu,2.sg.3.pl.nfut.aff,na-hmu-hei,na-ОЈ-hei,na+ОЈ+hei,n a ОЈ h ei,n a + ОЈ + h ei,elicited,unspecified,,,Kanshouwa2026SaikulKom,nopage,komsaikul
komsaikul164,hmu,2.pl.3.sg.nfut.aff,nan-hmu,nan-ОЈ,na+n+ОЈ,n a n ОЈ,n a + n + ОЈ,elicited,unspecified,,,Kanshouwa2026SaikulKom,nopage,komsaikul
komsaikul165,hmu,2.pl.3.pl.nfut.aff,nan-hmu-hei,nan-ОЈ-hei,na+n+ОЈ+hei,n a n ОЈ h ei,n a + n + ОЈ + h ei,elicited,unspecified,,,Kanshouwa2026SaikulKom,nopage,komsaikul
komsaikul166,se,3.sg.nfut.aff,ka-se,ka-ОЈ,ka+ОЈ,k a ОЈ,k a + ОЈ,elicited,unspecified,,,Kanshouwa2026SaikulKom,nopage,komsaikul
komsaikul167,se,3.pl.nfut.aff,ka-se-hei,ka-ОЈ-hei,ka+ОЈ+hei,k a ОЈ h ei,k a + ОЈ + h ei,elicited,unspecified,,,Kanshouwa2026SaikulKom,nopage,komsaikul
komsaikul168,hmu,3.sg.1.sg.nfut.aff,a-hmu-eng,a-ОЈ-eng,a+ОЈ+eng,a ОЈ e Е‹,a + ОЈ + e Е‹,elicited,unspecified,,,Kanshouwa2026SaikulKom,nopage,komsaikul
komsaikul169,hmu,3.sg.1.pl.incl.nfut.aff,a-hmu-me,a-ОЈ-me,a+ОЈ+me,a ОЈ m e,a + ОЈ + m e,elicited,unspecified,,,Kanshouwa2026SaikulKom,nopage,komsaikul
komsaikul170,hmu,3.pl.1.sg.nfut.aff,an-hmu-eng,an-ОЈ-eng,an+ОЈ+eng,a n ОЈ e Е‹,a n + ОЈ + e Е‹,elicited,unspecified,,,Kanshouwa2026SaikulKom,nopage,komsaikul
komsaikul171,hmu,3.pl.1.pl.excl.nfut.aff,an-hmu-ung,an-ОЈ-ung,an+ОЈ+ung,a n ОЈ u Е‹,a n + ОЈ + u Е‹,elicited,unspecified,,,Kanshouwa2026SaikulKom,nopage,komsaikul
komsaikul172,hmu,3.pl.1.pl.excl.nfut.aff,a-hmu-ung,a-ОЈ-ung,a+ОЈ+ung,a ОЈ u Е‹,a + ОЈ + u Е‹,elicited,unspecified,,,Kanshouwa2026SaikulKom,nopage,komsaikul
komsaikul173,hmu,3.pl.1.pl.incl.nfut.aff,an-hmu-me,an-ОЈ-me,an+ОЈ+me,a n ОЈ m e,a n + ОЈ + m e,elicited,unspecified,,,Kanshouwa2026SaikulKom,nopage,komsaikul
komsaikul174,hmu,3.sg.2.sg.nfut.aff,a-hmu-che,a-ОЈ-che,a+ОЈ+che,a ОЈ tКѓ e,a + ОЈ + tКѓ e,elicited,unspecified,,,Kanshouwa2026SaikulKom,nopage,komsaikul
komsaikul175,hmu,3.sg.2.pl.nfut.aff,a-hmu-chei,a-ОЈ-chei,a+ОЈ+chei,a ОЈ tКѓ ei,a + ОЈ + tКѓ ei,elicited,unspecified,,,Kanshouwa2026SaikulKom,nopage,komsaikul
komsaikul176,hmu,3.pl.2.sg.nfut.aff,an-hmu-che,an-ОЈ-che,an+ОЈ+che,a n ОЈ tКѓ e,a n + ОЈ + tКѓ e,elicited,unspecified,,,Kanshouwa2026SaikulKom,nopage,komsaikul
komsaikul177,hmu,3.pl.2.pl.nfut.aff,an-hmu-chei,an-ОЈ-chei,an+ОЈ+chei,a n ОЈ tКѓ ei,a n + ОЈ + tКѓ ei,elicited,unspecified,,,Kanshouwa2026SaikulKom,nopage,komsaikul
komsaikul178,hmu,3.sg.3.sg.nfut.aff,a-hmu,a-ОЈ,a+ОЈ,a ОЈ,a + ОЈ,elicited,unspecified,,,Kanshouwa2026SaikulKom,nopage,komsaikul
komsaikul179,hmu,3.sg.3.pl.nfut.aff,a-hmu-hei,a-ОЈ-hei,a+ОЈ+hei,a ОЈ h ei,a + ОЈ + h ei,elicited,unspecified,,,Kanshouwa2026SaikulKom,nopage,komsaikul
komsaikul180,hmu,3.pl.3.sg.nfut.aff,an-hmu,an-ОЈ,an+ОЈ,a n ОЈ,a n + ОЈ,elicited,unspecified,,,Kanshouwa2026SaikulKom,nopage,komsaikul
komsaikul181,hmu,3.pl.3.pl.nfut.aff,an-hmu-hei,an-ОЈ-hei,an+ОЈ+hei,a n ОЈ h ei,a n + ОЈ + h ei,elicited,unspecified,,,Kanshouwa2026SaikulKom,nopage,komsaikul
komsaikul182,se,1.sg.nfut.neg,se-mak-eng,ОЈ-mak-eng,ОЈ+mak+eng,ОЈ m a k e Е‹,ОЈ + m a k + e Е‹,elicited,unspecified,,,Kanshouwa2026SaikulKom,nopage,komsaikul
komsaikul183,se,1.pl.incl.nfut.neg,se-mak-men,ОЈ-mak-men,ОЈ+mak+mi+n,ОЈ m a k m i n,ОЈ + m a k + m i + n,elicited,dialect_var,,,Kanshouwa2026SaikulKom,nopage,komsaikul
komsaikul184,se,1.pl.incl.nfut.neg,se-mak-men,ОЈ-mak-men,ОЈ+mak+me+n,ОЈ m a k m e n,ОЈ + m a k + m e + n,elicited,unspecified,,,Kanshouwa2026SaikulKom,nopage,komsaikul
komsaikul185,se,1.pl.excl.nfut.neg,se-mak-ung,ОЈ-mak-ung,ОЈ+mak+ung,ОЈ m a k u Е‹,ОЈ + m a k + u Е‹,elicited,unspecified,,,Kanshouwa2026SaikulKom,nopage,komsaikul
komsaikul186,hmu,1.sg.2.sg.nfut.neg,hmu-mak-che-eng,ОЈ-mak-che-eng,ОЈ+mak+che+eng,ОЈ m a k tКѓ e e Е‹,ОЈ + m a k + tКѓ e + e Е‹,elicited,unspecified,,,Kanshouwa2026SaikulKom,nopage,komsaikul
komsaikul187,hmu,1.sg.2.pl.nfut.neg,hmu-mak-chei-eng,ОЈ-mak-chei-eng,ОЈ+mak+chei+eng,ОЈ m a k tКѓ ei e Е‹,ОЈ + m a k + tКѓ ei + e Е‹,elicited,unspecified,,,Kanshouwa2026SaikulKom,nopage,komsaikul
komsaikul188,hmu,1.pl.excl.2.sg.nfut.neg,hmu-mak-che-ung,ОЈ-mak-che-ung,ОЈ+mak+che+ung,ОЈ m a k tКѓ e u Е‹,ОЈ + m a k + tКѓ e + u Е‹,elicited,unspecified,,,Kanshouwa2026SaikulKom,nopage,komsaikul
komsaikul189,hmu,1.pl.excl.2.pl.nfut.neg,hmu-mak-chei-ung,ОЈ-mak-chei-ung,ОЈ+mak+chei+ung,ОЈ m a k tКѓ ei u Е‹,ОЈ + m a k + tКѓ ei + u Е‹,elicited,unspecified,,,Kanshouwa2026SaikulKom,nopage,komsaikul
komsaikul190,hmu,1.sg.3.sg.nfut.neg,hmu-mak-eng,ОЈ-mak-eng,ОЈ+mak+eng,ОЈ m a k e Е‹,ОЈ + m a k + e Е‹,elicited,unspecified,,,Kanshouwa2026SaikulKom,nopage,komsaikul
komsaikul191,hmu,1.sg.3.pl.nfut.neg,hmu-mak-hei-eng,ОЈ-mak-hei-eng,ОЈ+mak+hei+eng,ОЈ m a k h ei e Е‹,ОЈ + m a k + h ei + e Е‹,elicited,unspecified,,,Kanshouwa2026SaikulKom,nopage,komsaikul
komsaikul192,hmu,1.pl.incl.3.sg.nfut.neg,hmu-mak-me,ОЈ-mak-me,ОЈ+mak+me,ОЈ m a k m e,ОЈ + m a k + m e,elicited,unspecified,,,Kanshouwa2026SaikulKom,nopage,komsaikul
komsaikul193,hmu,1.pl.excl.3.sg.nfut.neg,hmu-mak-ung,ОЈ-mak-ung,ОЈ+mak+ung,ОЈ m a k u Е‹,ОЈ + m a k + u Е‹,elicited,unspecified,,,Kanshouwa2026SaikulKom,nopage,komsaikul
komsaikul194,hmu,1.pl.incl.3.pl.nfut.neg,hmu-mak-hei-me,ОЈ-mak-hei-me,ОЈ+mak+hei+me,ОЈ m a k h ei m e,ОЈ + m a k + h ei + m e,elicited,unspecified,,,Kanshouwa2026SaikulKom,nopage,komsaikul
komsaikul195,hmu,1.pl.excl.3.pl.nfut.neg,hmu-mak-hei-ung,ОЈ-mak-hei-ung,ОЈ+mak+hei+ung,ОЈ m a k h ei u Е‹,ОЈ + m a k + h ei + u Е‹,elicited,unspecified,,,Kanshouwa2026SaikulKom,nopage,komsaikul
komsaikul196,se,2.sg.nfut.neg,se-mak-che,ОЈ-mak-che,ОЈ+mak+che,ОЈ m a k tКѓ e,ОЈ + m a k + tКѓ e,elicited,unspecified,,,Kanshouwa2026SaikulKom,nopage,komsaikul
komsaikul197,se,2.pl.nfut.neg,se-mak-chei,ОЈ-mak-chei,ОЈ+mak+chei,ОЈ m a k tКѓ ei,ОЈ + m a k + tКѓ ei,elicited,unspecified,,,Kanshouwa2026SaikulKom,nopage,komsaikul
komsaikul198,hmu,2.sg.1.sg.nfut.neg,ei-hmu-mak-che,ei-ОЈ-mak-che,ei+ОЈ+mak+che,ei ОЈ m a k tКѓ e,ei + ОЈ + m a k + tКѓ e,elicited,unspecified,,,Kanshouwa2026SaikulKom,nopage,komsaikul
komsaikul199,hmu,2.sg.1.sg.nfut.neg,a-hmu-mak-che,a-ОЈ-mak-che,a+ОЈ+mak+che,a ОЈ m a k tКѓ e,a + ОЈ + m a k + tКѓ e,generated,dialect_var,,,Kanshouwa2026SaikulKom,nopage,komsaikul
komsaikul200,hmu,2.sg.1.pl.excl.nfut.neg,ei-hmu-mak-che,ei-ОЈ-mak-che,ei+ОЈ+mak+che,ei ОЈ m a k tКѓ e,ei + ОЈ + m a k + tКѓ e,elicited,unspecified,,,Kanshouwa2026SaikulKom,nopage,komsaikul
komsaikul201,hmu,2.sg.1.pl.excl.nfut.neg,a-hmu-mak-che,a-ОЈ-mak-che,a+ОЈ+mak+che,a ОЈ m a k tКѓ e,a + ОЈ + m a k + tКѓ e,generated,dialect_var,,,Kanshouwa2026SaikulKom,nopage,komsaikul
komsaikul202,hmu,2.pl.1.sg.nfut.neg,ei-hmu-mak-chei,ei-ОЈ-mak-chei,ei+ОЈ+mak+chei,ei ОЈ m a k tКѓ ei,ei + ОЈ + m a k + tКѓ ei,elicited,unspecified,,,Kanshouwa2026SaikulKom,nopage,komsaikul
komsaikul203,hmu,2.pl.1.sg.nfut.neg,a-hmu-mak-chei,a-ОЈ-mak-chei,a+ОЈ+mak+chei,a ОЈ m a k tКѓ ei,a + ОЈ + m a k + tКѓ ei,generated,dialect_var,,,Kanshouwa2026SaikulKom,nopage,komsaikul
komsaikul204,hmu,2.pl.1.pl.excl.nfut.neg,ei-hmu-mak-chei,ei-ОЈ-mak-chei,ei+ОЈ+mak+chei,ei ОЈ m a k tКѓ ei,ei + ОЈ + m a k + tКѓ ei,generated,unspecified,,,Kanshouwa2026SaikulKom,nopage,komsaikul
komsaikul205,hmu,2.pl.1.pl.excl.nfut.neg,a-hmu-mak-chei,a-ОЈ-mak-chei,a+ОЈ+mak+chei,a ОЈ m a k tКѓ ei,a + ОЈ + m a k + tКѓ ei,elicited,dialect_var,,,Kanshouwa2026SaikulKom,nopage,komsaikul
komsaikul206,hmu,2.sg.3.sg.nfut.neg,hmu-mak-che,ОЈ-mak-che,ОЈ+mak+che,ОЈ m a k tКѓ e,ОЈ + m a k + tКѓ e,elicited,unspecified,,,Kanshouwa2026SaikulKom,nopage,komsaikul
komsaikul207,hmu,2.sg.3.pl.nfut.neg,hmu-mak-hei-che,ОЈ-mak-hei-che,ОЈ+mak+hei+che,ОЈ m a k h ei tКѓ e,ОЈ + m a k + h ei + tКѓ e,elicited,unspecified,,,Kanshouwa2026SaikulKom,nopage,komsaikul
komsaikul208,hmu,2.sg.3.pl.nfut.neg,hmu-mak-che,ОЈ-mak-che,ОЈ+mak+che,ОЈ m a k tКѓ e,ОЈ + m a k + tКѓ e,elicited,unspecified,,optional_plural,Kanshouwa2026SaikulKom,nopage,komsaikul
komsaikul209,hmu,2.pl.3.sg.nfut.neg,hmu-mak-chei,ОЈ-mak-chei,ОЈ+mak+chei,ОЈ m a k tКѓ ei,ОЈ + m a k + tКѓ ei,elicited,unspecified,,,Kanshouwa2026SaikulKom,nopage,komsaikul
komsaikul210,hmu,2.pl.3.pl.nfut.neg,hmu-mak-hei-chei,ОЈ-mak-hei-chei,ОЈ+mak+hei+chei,ОЈ m a k h ei tКѓ ei,ОЈ + m a k + h ei + tКѓ ei,elicited,unspecified,,,Kanshouwa2026SaikulKom,nopage,komsaikul
komsaikul211,se,3.sg.nfut.neg,se-mak-che,ОЈ-mak-che,ОЈ+mak+che,ОЈ m a k tКѓ e,ОЈ + m a k + tКѓ e,elicited,unspecified,,,Kanshouwa2026SaikulKom,nopage,komsaikul
komsaikul212,se,3.pl.nfut.neg,se-mak-hei,ОЈ-mak-hei,ОЈ+mak+hei,ОЈ m a k h ei,ОЈ + m a k + h ei,elicited,unspecified,,,Kanshouwa2026SaikulKom,nopage,komsaikul
komsaikul213,hmu,3.sg.1.sg.nfut.neg,ei-hmu-mak,ei-ОЈ-mak,ei+ОЈ+mak,ei ОЈ m a k,ei + ОЈ + m a k,generated,unspecified,,,Kanshouwa2026SaikulKom,nopage,komsaikul
komsaikul214,hmu,3.sg.1.sg.nfut.neg,a-hmu-mak,a-ОЈ-mak,a+ОЈ+mak,a ОЈ m a k,a + ОЈ + m a k,elicited,dialect_var,,,Kanshouwa2026SaikulKom,nopage,komsaikul
komsaikul215,hmu,3.sg.1.pl.excl.nfut.neg,a-hmu-mak,a-ОЈ-mak,a+ОЈ+mak,a ОЈ m a k,a + ОЈ + m a k,elicited,unspecified,,,Kanshouwa2026SaikulKom,nopage,komsaikul
komsaikul216,hmu,3.sg.1.pl.excl.nfut.neg,ei-hmu-mak,ei-ОЈ-mak,ei+ОЈ+mak,ei ОЈ m a k,ei + ОЈ + m a k,generated,dialect_var,,,Kanshouwa2026SaikulKom,nopage,komsaikul
komsaikul217,hmu,3.sg.1.pl.incl.nfut.neg,a-hmu-mak,a-ОЈ-mak,a+ОЈ+mak,a ОЈ m a k,a + ОЈ + m a k,generated,unspecified,,,Kanshouwa2026SaikulKom,nopage,komsaikul
komsaikul218,hmu,3.sg.1.pl.incl.nfut.neg,ei-hmu-mak,ei-ОЈ-mak,ei+ОЈ+mak,ei ОЈ m a k,ei + ОЈ + m a k,elicited,dialect_var,,,Kanshouwa2026SaikulKom,nopage,komsaikul
komsaikul219,hmu,3.pl.1.sg.nfut.neg,ei-hmu-mak-hei,ei-ОЈ-mak-hei,ei+ОЈ+mak+hei,ei ОЈ m a k h ei,ei + ОЈ + m a k + h ei,elicited,dialect_var,,,Kanshouwa2026SaikulKom,nopage,komsaikul
komsaikul220,hmu,3.pl.1.sg.nfut.neg,a-hmu-mak-hei,a-ОЈ-mak-hei,a+ОЈ+mak+hei,a ОЈ m a k h ei,a + ОЈ + m a k + h ei,elicited,unspecified,,,Kanshouwa2026SaikulKom,nopage,komsaikul
komsaikul221,hmu,3.pl.1.pl.excl.nfut.neg,ei-hmu-mak-hei,ei-ОЈ-mak-hei,ei+ОЈ+mak+hei,ei ОЈ m a k h ei,ei + ОЈ + m a k + h ei,elicited,unspecified,,,Kanshouwa2026SaikulKom,nopage,komsaikul
komsaikul222,hmu,3.pl.1.pl.excl.nfut.neg,a-hmu-mak-hei,a-ОЈ-mak-hei,a+ОЈ+mak+hei,a ОЈ m a k h ei,a + ОЈ + m a k + h ei,generated,dialect_var,,,Kanshouwa2026SaikulKom,nopage,komsaikul
komsaikul223,hmu,3.pl.1.pl.incl.nfut.neg,ei-hmu-mak-hei,ei-ОЈ-mak-hei,ei+ОЈ+mak+hei,ei ОЈ m a k h ei,ei + ОЈ + m a k + h ei,generated,unspecified,,,Kanshouwa2026SaikulKom,nopage,komsaikul
komsaikul224,hmu,3.pl.1.pl.incl.nfut.neg,a-hmu-mak-hei,a-ОЈ-mak-hei,a+ОЈ+mak+hei,a ОЈ m a k h ei,a + ОЈ + m a k + h ei,generated,dialect_var,,,Kanshouwa2026SaikulKom,nopage,komsaikul
komsaikul225,hmu,3.sg.2.sg.nfut.neg,hmu-mak-che,ОЈ-mak-che,ОЈ+mak+che,ОЈ m a k tКѓ e,ОЈ + m a k + tКѓ e,elicited,unspecified,,,Kanshouwa2026SaikulKom,nopage,komsaikul
komsaikul226,hmu,3.sg.2.pl.nfut.neg,hmu-mak-chei,ОЈ-mak-chei,ОЈ+mak+chei,ОЈ m a k tКѓ ei,ОЈ + m a k + tКѓ ei,elicited,unspecified,,,Kanshouwa2026SaikulKom,nopage,komsaikul
komsaikul227,hmu,3.pl.2.sg.nfut.neg,hmu-mak-hei-che,ОЈ-mak-hei-che,ОЈ+mak+hei+che,ОЈ m a k h ei tКѓ e,ОЈ + m a k + h ei + tКѓ e,elicited,unspecified,,,Kanshouwa2026SaikulKom,nopage,komsaikul
komsaikul228,hmu,3.pl.2.pl.nfut.neg,hmu-mak-hei-chei,ОЈ-mak-hei-chei,ОЈ+mak+hei+chei,ОЈ m a k h ei tКѓ ei,ОЈ + m a k + h ei + tКѓ ei,elicited,unspecified,,,Kanshouwa2026SaikulKom,nopage,komsaikul
komsaikul229,hmu,3.pl.2.pl.nfut.neg,hmu-mak-chei,ОЈ-mak-chei,ОЈ+mak+chei,ОЈ m a k tКѓ ei,ОЈ + m a k + tКѓ ei,elicited,unspecified,,optional_plural,Kanshouwa2026SaikulKom,nopage,komsaikul
komsaikul230,hmu,3.sg.3.sg.nfut.neg,hmu-mak,ОЈ-mak,ОЈ+mak,ОЈ m a k,ОЈ + m a k,elicited,unspecified,,,Kanshouwa2026SaikulKom,nopage,komsaikul
komsaikul231,hmu,3.sg.3.pl.nfut.neg,hmu-mak,ОЈ-mak,ОЈ+mak,ОЈ m a k,ОЈ + m a k,elicited,unspecified,,,Kanshouwa2026SaikulKom,nopage,komsaikul
komsaikul232,hmu,3.pl.3.sg.nfut.neg,hmu-mak-hei,ОЈ-mak-hei,ОЈ+mak+hei,ОЈ m a k h ei,ОЈ + m a k + h ei,elicited,unspecified,,,Kanshouwa2026SaikulKom,nopage,komsaikul
komsaikul233,hmu,3.pl.3.pl.nfut.neg,hmu-mak-hei,ОЈ-mak-hei,ОЈ+mak+hei,ОЈ m a k h ei,ОЈ + m a k + h ei,elicited,unspecified,,,Kanshouwa2026SaikulKom,nopage,komsaikul
